"individualID","namedLocation","domainID","siteID","plotID","decimalLatitude","decimalLongitude","elevation","subtypeSpecification","taxonID","taxonRank","scientificName","nativeStatusCode","growthForm","date","editedDate"
"NEON.PLA.D16.ABBY.06020","ABBY_071.phenology.phe","D16","ABBY","ABBY_071",45.761789,-122.327572,368.1,"primary","GASH","species","Gaultheria shallon Pursh","N","Evergreen broadleaf",2016-04-14,2017-07-25
"NEON.PLA.D16.ABBY.06059","ABBY_071.phenology.phe","D16","ABBY","ABBY_071",45.761789,-122.327572,368.1,"primary","GASH","species","Gaultheria shallon Pursh","N","Evergreen broadleaf",2016-04-14,2017-07-25
"NEON.PLA.D16.ABBY.06047","ABBY_071.phenology.phe","D16","ABBY","ABBY_071",45.761789,-122.327572,368.1,"primary","GASH","species","Gaultheria shallon Pursh","N","Evergreen broadleaf",2016-04-14,2020-02-26
"NEON.PLA.D16.ABBY.06026","ABBY_071.phenology.phe","D16","ABBY","ABBY_071",45.761789,-122.327572,368.1,"primary","GASH","species","Gaultheria shallon Pursh","N","Evergreen broadleaf",2016-04-14,2020-02-26
"NEON.PLA.D16.ABBY.06067","ABBY_071.phenology.phe","D16","ABBY","ABBY_071",45.761789,-122.327572,368.1,"primary","GASH","species","Gaultheria shallon Pursh","N","Evergreen broadleaf",2016-04-14,2017-07-25
"NEON.PLA.D16.ABBY.06082","ABBY_071.phenology.phe","D16","ABBY","ABBY_071",45.761789,-122.327572,368.1,"primary","GASH","species","Gaultheria shallon Pursh","N","Evergreen broadleaf",2016-04-14,2017-07-25
"NEON.PLA.D16.ABBY.06044","ABBY_071.phenology.phe","D16","ABBY","ABBY_071",45.761789,-122.327572,368.1,"primary","GASH","species","Gaultheria shallon Pursh","N","Evergreen broadleaf",2016-04-14,2017-07-25
"NEON.PLA.D16.ABBY.06031","ABBY_071.phenology.phe","D16","ABBY","ABBY_071",45.761789,-122.327572,368.1,"primary","GASH","species","Gaultheria shallon Pursh","N","Evergreen broadleaf",2016-04-14,2017-07-25
"NEON.PLA.D16.ABBY.06062","ABBY_071.phenology.phe","D16","ABBY","ABBY_071",45.761789,-122.327572,368.1,"primary","GASH","species","Gaultheria shallon Pursh","N","Evergreen broadleaf",2016-04-14,2020-02-26
"NEON.PLA.D16.ABBY.06041","ABBY_071.phenology.phe","D16","ABBY","ABBY_071",45.761789,-122.327572,368.1,"primary","GASH","species","Gaultheria shallon Pursh","N","Evergreen broadleaf",2016-04-14,2020-02-26
"NEON.PLA.D16.ABBY.06094","ABBY_071.phenology.phe","D16","ABBY","ABBY_071",45.761789,-122.327572,368.1,"primary","GASH","species","Gaultheria shallon Pursh","N","Evergreen broadleaf",2016-04-14,2020-02-26
"NEON.PLA.D16.ABBY.06083","ABBY_071.phenology.phe","D16","ABBY","ABBY_071",45.761789,-122.327572,368.1,"primary","GASH","species","Gaultheria shallon Pursh","N","Evergreen broadleaf",2016-04-14,2020-02-26
"NEON.PLA.D16.ABBY.06017","ABBY_071.phenology.phe","D16","ABBY","ABBY_071",45.761789,-122.327572,368.1,"primary","GASH","species","Gaultheria shallon Pursh","N","Evergreen broadleaf",2016-04-14,2017-07-25
"NEON.PLA.D16.ABBY.06054","ABBY_071.phenology.phe","D16","ABBY","ABBY_071",45.761789,-122.327572,368.1,"primary","GASH","species","Gaultheria shallon Pursh","N","Evergreen broadleaf",2016-04-14,2017-07-25
"NEON.PLA.D16.ABBY.06058","ABBY_071.phenology.phe","D16","ABBY","ABBY_071",45.761789,-122.327572,368.1,"primary","GASH","species","Gaultheria shallon Pursh","N","Evergreen broadleaf",2016-04-14,2017-07-25
"NEON.PLA.D16.ABBY.06088","ABBY_071.phenology.phe","D16","ABBY","ABBY_071",45.761789,-122.327572,368.1,"primary","GASH","species","Gaultheria shallon Pursh","N","Evergreen broadleaf",2016-04-14,2020-02-26
"NEON.PLA.D16.ABBY.06097","ABBY_071.phenology.phe","D16","ABBY","ABBY_071",45.761789,-122.327572,368.1,"primary","GASH","species","Gaultheria shallon Pursh","N","Evergreen broadleaf",2016-04-14,2017-07-25
"NEON.PLA.D16.ABBY.06069","ABBY_071.phenology.phe","D16","ABBY","ABBY_071",45.761789,-122.327572,368.1,"primary","GASH","species","Gaultheria shallon Pursh","N","Evergreen broadleaf",2016-04-14,2020-02-26
"NEON.PLA.D16.ABBY.06025","ABBY_071.phenology.phe","D16","ABBY","ABBY_071",45.761789,-122.327572,368.1,"primary","GASH","species","Gaultheria shallon Pursh","N","Evergreen broadleaf",2016-04-14,2017-07-25
"NEON.PLA.D16.ABBY.06072","ABBY_071.phenology.phe","D16","ABBY","ABBY_071",45.761789,-122.327572,368.1,"primary","GASH","species","Gaultheria shallon Pursh","N","Evergreen broadleaf",2016-04-14,2018-03-20
"NEON.PLA.D16.ABBY.06037","ABBY_071.phenology.phe","D16","ABBY","ABBY_071",45.761789,-122.327572,368.1,"primary","GASH","species","Gaultheria shallon Pursh","N","Evergreen broadleaf",2016-04-14,2020-02-26
"NEON.PLA.D16.ABBY.06034","ABBY_071.phenology.phe","D16","ABBY","ABBY_071",45.761789,-122.327572,368.1,"primary","GASH","species","Gaultheria shallon Pursh","N","Evergreen broadleaf",2016-04-14,2020-02-26
"NEON.PLA.D16.ABBY.06050","ABBY_071.phenology.phe","D16","ABBY","ABBY_071",45.761789,-122.327572,368.1,"primary","GASH","species","Gaultheria shallon Pursh","N","Evergreen broadleaf",2016-04-14,2017-07-25
"NEON.PLA.D16.ABBY.06040","ABBY_071.phenology.phe","D16","ABBY","ABBY_071",45.761789,-122.327572,368.1,"primary","GASH","species","Gaultheria shallon Pursh","N","Evergreen broadleaf",2016-04-14,2017-07-25
"NEON.PLA.D16.ABBY.06077","ABBY_071.phenology.phe","D16","ABBY","ABBY_071",45.761789,-122.327572,368.1,"primary","GASH","species","Gaultheria shallon Pursh","N","Evergreen broadleaf",2016-04-14,2021-09-30
"NEON.PLA.D16.ABBY.06090","ABBY_071.phenology.phe","D16","ABBY","ABBY_071",45.761789,-122.327572,368.1,"primary","GASH","species","Gaultheria shallon Pursh","N","Evergreen broadleaf",2016-04-14,2021-09-30
"NEON.PLA.D16.ABBY.06014","ABBY_071.phenology.phe","D16","ABBY","ABBY_071",45.761789,-122.327572,368.1,"primary","GASH","species","Gaultheria shallon Pursh","N","Evergreen broadleaf",2016-04-15,2017-07-25
"NEON.PLA.D16.ABBY.06075","ABBY_071.phenology.phe","D16","ABBY","ABBY_071",45.761789,-122.327572,368.1,"primary","GASH","species","Gaultheria shallon Pursh","N","Evergreen broadleaf",2016-04-15,2017-07-25
"NEON.PLA.D16.ABBY.06013","ABBY_071.phenology.phe","D16","ABBY","ABBY_071",45.761789,-122.327572,368.1,"primary","GASH","species","Gaultheria shallon Pursh","N","Evergreen broadleaf",2016-04-15,2020-02-26
"NEON.PLA.D16.ABBY.06099","ABBY_071.phenology.phe","D16","ABBY","ABBY_071",45.761789,-122.327572,368.1,"primary","GASH","species","Gaultheria shallon Pursh","N","Evergreen broadleaf",2016-10-11,2020-02-26
"NEON.PLA.D16.ABBY.06052","ABBY_071.phenology.phe","D16","ABBY","ABBY_071",45.761789,-122.327572,368.1,"primary","PSMEM","variety","Pseudotsuga menziesii (Mirb.) Franco var. menziesii","N","Evergreen conifer",2017-02-02,2021-09-10
"NEON.PLA.D16.ABBY.06015","ABBY_071.phenology.phe","D16","ABBY","ABBY_071",45.761789,-122.327572,368.1,"primary","PSMEM","variety","Pseudotsuga menziesii (Mirb.) Franco var. menziesii","N","Evergreen conifer",2017-02-02,2021-09-10
"NEON.PLA.D16.ABBY.06091","ABBY_071.phenology.phe","D16","ABBY","ABBY_071",45.761789,-122.327572,368.1,"primary","PSMEM","variety","Pseudotsuga menziesii (Mirb.) Franco var. menziesii","N","Evergreen conifer",2017-02-02,2021-09-10
"NEON.PLA.D16.ABBY.06061","ABBY_071.phenology.phe","D16","ABBY","ABBY_071",45.761789,-122.327572,368.1,"primary","PSMEM","variety","Pseudotsuga menziesii (Mirb.) Franco var. menziesii","N","Evergreen conifer",2017-02-02,2020-02-26
"NEON.PLA.D16.ABBY.06087","ABBY_071.phenology.phe","D16","ABBY","ABBY_071",45.761789,-122.327572,368.1,"primary","COCOC","variety","Corylus cornuta Marshall var. californica (A. DC.) Sharp","N","Deciduous broadleaf",2017-02-02,2020-02-18
"NEON.PLA.D16.ABBY.06100","ABBY_071.phenology.phe","D16","ABBY","ABBY_071",45.761789,-122.327572,368.1,"primary","PSMEM","variety","Pseudotsuga menziesii (Mirb.) Franco var. menziesii","N","Evergreen conifer",2017-02-02,2020-02-26
"NEON.PLA.D16.ABBY.06033","ABBY_071.phenology.phe","D16","ABBY","ABBY_071",45.761789,-122.327572,368.1,"primary","COCOC","variety","Corylus cornuta Marshall var. californica (A. DC.) Sharp","N","Deciduous broadleaf",2017-02-02,2020-11-17
"NEON.PLA.D16.ABBY.06016","ABBY_071.phenology.phe","D16","ABBY","ABBY_071",45.761789,-122.327572,368.1,"primary","COCOC","variety","Corylus cornuta Marshall var. californica (A. DC.) Sharp","N","Deciduous broadleaf",2017-02-02,2020-11-19
"NEON.PLA.D16.ABBY.06029","ABBY_071.phenology.phe","D16","ABBY","ABBY_071",45.761789,-122.327572,368.1,"primary","COCOC","variety","Corylus cornuta Marshall var. californica (A. DC.) Sharp","N","Deciduous broadleaf",2017-02-02,2020-11-19
"NEON.PLA.D16.ABBY.06086","ABBY_071.phenology.phe","D16","ABBY","ABBY_071",45.761789,-122.327572,368.1,"primary","PSMEM","variety","Pseudotsuga menziesii (Mirb.) Franco var. menziesii","N","Evergreen conifer",2017-02-02,2020-02-26
"NEON.PLA.D16.ABBY.06064","ABBY_071.phenology.phe","D16","ABBY","ABBY_071",45.761789,-122.327572,368.1,"primary","PSMEM","variety","Pseudotsuga menziesii (Mirb.) Franco var. menziesii","N","Evergreen conifer",2017-02-02,2020-02-26
"NEON.PLA.D16.ABBY.06036","ABBY_071.phenology.phe","D16","ABBY","ABBY_071",45.761789,-122.327572,368.1,"primary","PSMEM","variety","Pseudotsuga menziesii (Mirb.) Franco var. menziesii","N","Evergreen conifer",2017-02-02,2020-02-26
"NEON.PLA.D16.ABBY.06022","ABBY_071.phenology.phe","D16","ABBY","ABBY_071",45.761789,-122.327572,368.1,"primary","COCOC","variety","Corylus cornuta Marshall var. californica (A. DC.) Sharp","N","Deciduous broadleaf",2017-02-02,2020-11-17
"NEON.PLA.D16.ABBY.06046","ABBY_071.phenology.phe","D16","ABBY","ABBY_071",45.761789,-122.327572,368.1,"primary","COCOC","variety","Corylus cornuta Marshall var. californica (A. DC.) Sharp","N","Deciduous broadleaf",2017-02-02,2020-02-18
"NEON.PLA.D16.ABBY.06071","ABBY_071.phenology.phe","D16","ABBY","ABBY_071",45.761789,-122.327572,368.1,"primary","COCOC","variety","Corylus cornuta Marshall var. californica (A. DC.) Sharp","N","Deciduous broadleaf",2017-02-02,2020-02-18
"NEON.PLA.D16.ABBY.06070","ABBY_071.phenology.phe","D16","ABBY","ABBY_071",45.761789,-122.327572,368.1,"primary","PSMEM","variety","Pseudotsuga menziesii (Mirb.) Franco var. menziesii","N","Evergreen conifer",2017-02-02,2020-02-26
"NEON.PLA.D16.ABBY.06053","ABBY_071.phenology.phe","D16","ABBY","ABBY_071",45.761789,-122.327572,368.1,"primary","COCOC","variety","Corylus cornuta Marshall var. californica (A. DC.) Sharp","N","Deciduous broadleaf",2017-02-02,2020-02-18
"NEON.PLA.D16.ABBY.06080","ABBY_071.phenology.phe","D16","ABBY","ABBY_071",45.761789,-122.327572,368.1,"primary","COCOC","variety","Corylus cornuta Marshall var. californica (A. DC.) Sharp","N","Deciduous broadleaf",2017-02-02,2020-02-18
"NEON.PLA.D16.ABBY.06011","ABBY_071.phenology.phe","D16","ABBY","ABBY_071",45.761789,-122.327572,368.1,"primary","PSMEM","variety","Pseudotsuga menziesii (Mirb.) Franco var. menziesii","N","Evergreen conifer",2017-02-02,2018-06-05
"NEON.PLA.D16.ABBY.06057","ABBY_071.phenology.phe","D16","ABBY","ABBY_071",45.761789,-122.327572,368.1,"primary","PSMEM","variety","Pseudotsuga menziesii (Mirb.) Franco var. menziesii","N","Evergreen conifer",2017-02-02,2020-02-26
"NEON.PLA.D16.ABBY.06096","ABBY_071.phenology.phe","D16","ABBY","ABBY_071",45.761789,-122.327572,368.1,"primary","PSMEM","variety","Pseudotsuga menziesii (Mirb.) Franco var. menziesii","N","Evergreen conifer",2017-02-02,2020-02-26
"NEON.PLA.D16.ABBY.06074","ABBY_071.phenology.phe","D16","ABBY","ABBY_071",45.761789,-122.327572,368.1,"primary","COCOC","variety","Corylus cornuta Marshall var. californica (A. DC.) Sharp","N","Deciduous broadleaf",2017-02-02,2020-02-18
"NEON.PLA.D16.ABBY.06060","ABBY_071.phenology.phe","D16","ABBY","ABBY_071",45.761789,-122.327572,368.1,"primary","COCOC","variety","Corylus cornuta Marshall var. californica (A. DC.) Sharp","N","Deciduous broadleaf",2017-02-02,2018-02-12
"NEON.PLA.D16.ABBY.06089","ABBY_071.phenology.phe","D16","ABBY","ABBY_071",45.761789,-122.327572,368.1,"primary","COCOC","variety","Corylus cornuta Marshall var. californica (A. DC.) Sharp","N","Deciduous broadleaf",2017-02-02,2020-11-17
"NEON.PLA.D16.ABBY.06051","ABBY_071.phenology.phe","D16","ABBY","ABBY_071",45.761789,-122.327572,368.1,"primary","COCOC","variety","Corylus cornuta Marshall var. californica (A. DC.) Sharp","N","Deciduous broadleaf",2017-02-02,2020-02-18
"NEON.PLA.D16.ABBY.06068","ABBY_071.phenology.phe","D16","ABBY","ABBY_071",45.761789,-122.327572,368.1,"primary","COCOC","variety","Corylus cornuta Marshall var. californica (A. DC.) Sharp","N","Deciduous broadleaf",2017-02-02,2020-11-17
"NEON.PLA.D16.ABBY.06079","ABBY_071.phenology.phe","D16","ABBY","ABBY_071",45.761789,-122.327572,368.1,"primary","PSMEM","variety","Pseudotsuga menziesii (Mirb.) Franco var. menziesii","N","Evergreen conifer",2017-02-02,2018-05-24
"NEON.PLA.D16.ABBY.06095","ABBY_071.phenology.phe","D16","ABBY","ABBY_071",45.761789,-122.327572,368.1,"primary","COCOC","variety","Corylus cornuta Marshall var. californica (A. DC.) Sharp","N","Deciduous broadleaf",2017-02-02,2020-11-17
"NEON.PLA.D16.ABBY.06028","ABBY_071.phenology.phe","D16","ABBY","ABBY_071",45.761789,-122.327572,368.1,"primary","PSMEM","variety","Pseudotsuga menziesii (Mirb.) Franco var. menziesii","N","Evergreen conifer",2017-02-02,2020-02-26
"NEON.PLA.D16.ABBY.06055","ABBY_071.phenology.phe","D16","ABBY","ABBY_071",45.761789,-122.327572,368.1,"primary","PSMEM","variety","Pseudotsuga menziesii (Mirb.) Franco var. menziesii","N","Evergreen conifer",2017-02-02,2020-02-26
"NEON.PLA.D16.ABBY.06018","ABBY_071.phenology.phe","D16","ABBY","ABBY_071",45.761789,-122.327572,368.1,"primary","COCOC","variety","Corylus cornuta Marshall var. californica (A. DC.) Sharp","N","Deciduous broadleaf",2017-02-02,2020-02-18
"NEON.PLA.D16.ABBY.06024","ABBY_071.phenology.phe","D16","ABBY","ABBY_071",45.761789,-122.327572,368.1,"primary","PSMEM","variety","Pseudotsuga menziesii (Mirb.) Franco var. menziesii","N","Evergreen conifer",2017-02-02,2020-02-26
"NEON.PLA.D16.ABBY.06078","ABBY_071.phenology.phe","D16","ABBY","ABBY_071",45.761789,-122.327572,368.1,"primary","COCOC","variety","Corylus cornuta Marshall var. californica (A. DC.) Sharp","N","Deciduous broadleaf",2017-02-02,2020-11-17
"NEON.PLA.D16.ABBY.06032","ABBY_071.phenology.phe","D16","ABBY","ABBY_071",45.761789,-122.327572,368.1,"primary","PSMEM","variety","Pseudotsuga menziesii (Mirb.) Franco var. menziesii","N","Evergreen conifer",2017-02-02,2019-11-18
"NEON.PLA.D16.ABBY.06035","ABBY_071.phenology.phe","D16","ABBY","ABBY_071",45.761789,-122.327572,368.1,"primary","COCOC","variety","Corylus cornuta Marshall var. californica (A. DC.) Sharp","N","Deciduous broadleaf",2017-02-02,2020-02-18
"NEON.PLA.D16.ABBY.06012","ABBY_071.phenology.phe","D16","ABBY","ABBY_071",45.761789,-122.327572,368.1,"primary","COCOC","variety","Corylus cornuta Marshall var. californica (A. DC.) Sharp","N","Deciduous broadleaf",2017-02-02,2020-11-17
"NEON.PLA.D16.ABBY.06085","ABBY_071.phenology.phe","D16","ABBY","ABBY_071",45.761789,-122.327572,368.1,"primary","COCOC","variety","Corylus cornuta Marshall var. californica (A. DC.) Sharp","N","Deciduous broadleaf",2017-02-02,2020-11-17
"NEON.PLA.D16.ABBY.06092","ABBY_071.phenology.phe","D16","ABBY","ABBY_071",45.761789,-122.327572,368.1,"primary","COCOC","variety","Corylus cornuta Marshall var. californica (A. DC.) Sharp","N","Deciduous broadleaf",2017-02-02,2020-02-18
"NEON.PLA.D16.ABBY.06048","ABBY_071.phenology.phe","D16","ABBY","ABBY_071",45.761789,-122.327572,368.1,"primary","COCOC","variety","Corylus cornuta Marshall var. californica (A. DC.) Sharp","N","Deciduous broadleaf",2017-02-02,2020-11-17
"NEON.PLA.D16.ABBY.06073","ABBY_071.phenology.phe","D16","ABBY","ABBY_071",45.761789,-122.327572,368.1,"primary","PSMEM","variety","Pseudotsuga menziesii (Mirb.) Franco var. menziesii","N","Evergreen conifer",2017-02-02,2020-02-26
"NEON.PLA.D16.ABBY.06027","ABBY_071.phenology.phe","D16","ABBY","ABBY_071",45.761789,-122.327572,368.1,"primary","COCOC","variety","Corylus cornuta Marshall var. californica (A. DC.) Sharp","N","Deciduous broadleaf",2017-02-02,2020-02-18
"NEON.PLA.D16.ABBY.06063","ABBY_071.phenology.phe","D16","ABBY","ABBY_071",45.761789,-122.327572,368.1,"primary","COCOC","variety","Corylus cornuta Marshall var. californica (A. DC.) Sharp","N","Deciduous broadleaf",2017-02-02,2020-11-19
"NEON.PLA.D16.ABBY.06030","ABBY_071.phenology.phe","D16","ABBY","ABBY_071",45.761789,-122.327572,368.1,"primary","PSMEM","variety","Pseudotsuga menziesii (Mirb.) Franco var. menziesii","N","Evergreen conifer",2017-02-02,2020-02-26
"NEON.PLA.D16.ABBY.06043","ABBY_071.phenology.phe","D16","ABBY","ABBY_071",45.761789,-122.327572,368.1,"primary","PSMEM","variety","Pseudotsuga menziesii (Mirb.) Franco var. menziesii","N","Evergreen conifer",2017-02-02,2020-02-26
"NEON.PLA.D16.ABBY.06019","ABBY_071.phenology.phe","D16","ABBY","ABBY_071",45.761789,-122.327572,368.1,"primary","PSMEM","variety","Pseudotsuga menziesii (Mirb.) Franco var. menziesii","N","Evergreen conifer",2017-02-02,2020-02-26
"NEON.PLA.D16.ABBY.06042","ABBY_071.phenology.phe","D16","ABBY","ABBY_071",45.761789,-122.327572,368.1,"primary","COCOC","variety","Corylus cornuta Marshall var. californica (A. DC.) Sharp","N","Deciduous broadleaf",2017-02-02,2020-11-17
"NEON.PLA.D16.ABBY.06023","ABBY_071.phenology.phe","D16","ABBY","ABBY_071",45.761789,-122.327572,368.1,"primary","COCOC","variety","Corylus cornuta Marshall var. californica (A. DC.) Sharp","N","Deciduous broadleaf",2017-02-02,2020-11-19
"NEON.PLA.D16.ABBY.06065","ABBY_071.phenology.phe","D16","ABBY","ABBY_071",45.761789,-122.327572,368.1,"primary","COCOC","variety","Corylus cornuta Marshall var. californica (A. DC.) Sharp","N","Deciduous broadleaf",2017-02-02,2020-02-18
"NEON.PLA.D16.ABBY.06076","ABBY_071.phenology.phe","D16","ABBY","ABBY_071",45.761789,-122.327572,368.1,"primary","PSMEM","variety","Pseudotsuga menziesii (Mirb.) Franco var. menziesii","N","Evergreen conifer",2017-02-02,2020-02-26
"NEON.PLA.D16.ABBY.06021","ABBY_071.phenology.phe","D16","ABBY","ABBY_071",45.761789,-122.327572,368.1,"primary","PSMEM","variety","Pseudotsuga menziesii (Mirb.) Franco var. menziesii","N","Evergreen conifer",2017-02-02,2020-02-26
"NEON.PLA.D16.ABBY.06098","ABBY_071.phenology.phe","D16","ABBY","ABBY_071",45.761789,-122.327572,368.1,"primary","COCOC","variety","Corylus cornuta Marshall var. californica (A. DC.) Sharp","N","Deciduous broadleaf",2017-02-02,2020-02-18
"NEON.PLA.D16.ABBY.06049","ABBY_071.phenology.phe","D16","ABBY","ABBY_071",45.761789,-122.327572,368.1,"primary","PSMEM","variety","Pseudotsuga menziesii (Mirb.) Franco var. menziesii","N","Evergreen conifer",2017-02-02,2020-02-26
"NEON.PLA.D16.ABBY.06093","ABBY_071.phenology.phe","D16","ABBY","ABBY_071",45.761789,-122.327572,368.1,"primary","PSMEM","variety","Pseudotsuga menziesii (Mirb.) Franco var. menziesii","N","Evergreen conifer",2017-02-02,2020-02-26
"NEON.PLA.D16.ABBY.06084","ABBY_071.phenology.phe","D16","ABBY","ABBY_071",45.761789,-122.327572,368.1,"primary","PSMEM","variety","Pseudotsuga menziesii (Mirb.) Franco var. menziesii","N","Evergreen conifer",2017-02-02,2020-02-26
"NEON.PLA.D16.ABBY.06038","ABBY_071.phenology.phe","D16","ABBY","ABBY_071",45.761789,-122.327572,368.1,"primary","PSMEM","variety","Pseudotsuga menziesii (Mirb.) Franco var. menziesii","N","Evergreen conifer",2017-02-02,2020-02-26
"NEON.PLA.D16.ABBY.06039","ABBY_071.phenology.phe","D16","ABBY","ABBY_071",45.761789,-122.327572,368.1,"primary","COCOC","variety","Corylus cornuta Marshall var. californica (A. DC.) Sharp","N","Deciduous broadleaf",2017-02-02,2020-10-08
"NEON.PLA.D16.ABBY.06081","ABBY_071.phenology.phe","D16","ABBY","ABBY_071",45.761789,-122.327572,368.1,"primary","PSMEM","variety","Pseudotsuga menziesii (Mirb.) Franco var. menziesii","N","Evergreen conifer",2017-02-02,2020-02-26
"NEON.PLA.D16.ABBY.06045","ABBY_071.phenology.phe","D16","ABBY","ABBY_071",45.761789,-122.327572,368.1,"primary","PSMEM","variety","Pseudotsuga menziesii (Mirb.) Franco var. menziesii","N","Evergreen conifer",2017-02-02,2020-02-26
"NEON.PLA.D16.ABBY.06006","ABBY_071.phenology.phe","D16","ABBY","ABBY_071",45.761789,-122.327572,368.1,"primary","GASH","species","Gaultheria shallon Pursh","N","Evergreen broadleaf",2017-02-14,2020-02-26
"NEON.PLA.D16.ABBY.06005","ABBY_071.phenology.phe","D16","ABBY","ABBY_071",45.761789,-122.327572,368.1,"primary","GASH","species","Gaultheria shallon Pursh","N","Evergreen broadleaf",2017-02-14,2020-02-26
"NEON.PLA.D16.ABBY.06002","ABBY_071.phenology.phe","D16","ABBY","ABBY_071",45.761789,-122.327572,368.1,"primary","GASH","species","Gaultheria shallon Pursh","N","Evergreen broadleaf",2017-02-14,2021-01-21
"NEON.PLA.D16.ABBY.06200","ABBY_071.phenology.phe","D16","ABBY","ABBY_071",45.761789,-122.327572,368.1,"primary","GASH","species","Gaultheria shallon Pursh","N","Evergreen broadleaf",2017-02-14,2020-02-26
"NEON.PLA.D16.ABBY.06010","ABBY_071.phenology.phe","D16","ABBY","ABBY_071",45.761789,-122.327572,368.1,"primary","GASH","species","Gaultheria shallon Pursh","N","Evergreen broadleaf",2017-02-14,2020-02-26
"NEON.PLA.D16.ABBY.06066","ABBY_071.phenology.phe","D16","ABBY","ABBY_071",45.761789,-122.327572,368.1,"primary","PSMEM","variety","Pseudotsuga menziesii (Mirb.) Franco var. menziesii","N","Evergreen conifer",2017-02-14,2020-02-26
"NEON.PLA.D16.ABBY.06199","ABBY_071.phenology.phe","D16","ABBY","ABBY_071",45.761789,-122.327572,368.1,"primary","GASH","species","Gaultheria shallon Pursh","N","Evergreen broadleaf",2017-02-14,2020-02-26
"NEON.PLA.D16.ABBY.06008","ABBY_071.phenology.phe","D16","ABBY","ABBY_071",45.761789,-122.327572,368.1,"primary","GASH","species","Gaultheria shallon Pursh","N","Evergreen broadleaf",2017-02-14,2020-02-26
"NEON.PLA.D16.ABBY.06196","ABBY_071.phenology.phe","D16","ABBY","ABBY_071",45.761789,-122.327572,368.1,"primary","GASH","species","Gaultheria shallon Pursh","N","Evergreen broadleaf",2017-02-14,2020-02-26
"NEON.PLA.D16.ABBY.06009","ABBY_071.phenology.phe","D16","ABBY","ABBY_071",45.761789,-122.327572,368.1,"primary","GASH","species","Gaultheria shallon Pursh","N","Evergreen broadleaf",2017-02-14,2020-02-26
"NEON.PLA.D16.ABBY.06004","ABBY_071.phenology.phe","D16","ABBY","ABBY_071",45.761789,-122.327572,368.1,"primary","GASH","species","Gaultheria shallon Pursh","N","Evergreen broadleaf",2017-02-14,2020-02-26
"NEON.PLA.D16.ABBY.06198","ABBY_071.phenology.phe","D16","ABBY","ABBY_071",45.761789,-122.327572,368.1,"primary","GASH","species","Gaultheria shallon Pursh","N","Evergreen broadleaf",2017-02-14,2020-02-26
"NEON.PLA.D16.ABBY.06197","ABBY_071.phenology.phe","D16","ABBY","ABBY_071",45.761789,-122.327572,368.1,"primary","GASH","species","Gaultheria shallon Pursh","N","Evergreen broadleaf",2017-02-14,2021-09-30
"NEON.PLA.D16.ABBY.06003","ABBY_071.phenology.phe","D16","ABBY","ABBY_071",45.761789,-122.327572,368.1,"primary","GASH","species","Gaultheria shallon Pursh","N","Evergreen broadleaf",2017-02-14,2021-09-30
"NEON.PLA.D16.ABBY.06007","ABBY_071.phenology.phe","D16","ABBY","ABBY_071",45.761789,-122.327572,368.1,"primary","GASH","species","Gaultheria shallon Pursh","N","Evergreen broadleaf",2017-02-14,2021-09-30
"NEON.PLA.D16.ABBY.06001","ABBY_071.phenology.phe","D16","ABBY","ABBY_071",45.761789,-122.327572,368.1,"primary","GASH","species","Gaultheria shallon Pursh","N","Evergreen broadleaf",2017-02-14,2017-03-10
"NEON.PLA.D16.ABBY.06191","ABBY_072.phenology.phe","D16","ABBY","ABBY_072",45.763636,-122.330485,361.8,"phenocam","COCOC","variety","Corylus cornuta Marshall var. californica (A. DC.) Sharp","N","Deciduous broadleaf",2017-04-24,2017-08-04
"NEON.PLA.D16.ABBY.06190","ABBY_072.phenology.phe","D16","ABBY","ABBY_072",45.763636,-122.330485,361.8,"phenocam","PSMEM","variety","Pseudotsuga menziesii (Mirb.) Franco var. menziesii","N","Evergreen conifer",2017-04-24,2019-02-13
"NEON.PLA.D16.ABBY.06189","ABBY_072.phenology.phe","D16","ABBY","ABBY_072",45.763636,-122.330485,361.8,"phenocam","COCOC","variety","Corylus cornuta Marshall var. californica (A. DC.) Sharp","N","Deciduous broadleaf",2017-04-24,2017-08-04
"NEON.PLA.D16.ABBY.06187","ABBY_072.phenology.phe","D16","ABBY","ABBY_072",45.763636,-122.330485,361.8,"phenocam","PSMEM","variety","Pseudotsuga menziesii (Mirb.) Franco var. menziesii","N","Evergreen conifer",2017-04-24,2018-02-12
"NEON.PLA.D16.ABBY.06195","ABBY_072.phenology.phe","D16","ABBY","ABBY_072",45.763636,-122.330485,361.8,"phenocam","GASH","species","Gaultheria shallon Pursh","N","Evergreen broadleaf",2017-04-24,2019-02-13
"NEON.PLA.D16.ABBY.06194","ABBY_072.phenology.phe","D16","ABBY","ABBY_072",45.763636,-122.330485,361.8,"phenocam","GASH","species","Gaultheria shallon Pursh","N","Evergreen broadleaf",2017-04-24,2017-08-04
"NEON.PLA.D16.ABBY.06193","ABBY_072.phenology.phe","D16","ABBY","ABBY_072",45.763636,-122.330485,361.8,"phenocam","COCOC","variety","Corylus cornuta Marshall var. californica (A. DC.) Sharp","N","Deciduous broadleaf",2017-04-24,2017-08-04
"NEON.PLA.D16.ABBY.06192","ABBY_072.phenology.phe","D16","ABBY","ABBY_072",45.763636,-122.330485,361.8,"phenocam","PSMEM","variety","Pseudotsuga menziesii (Mirb.) Franco var. menziesii","N","Evergreen conifer",2017-04-24,2019-02-13
"NEON.PLA.D16.ABBY.06185","ABBY_072.phenology.phe","D16","ABBY","ABBY_072",45.763636,-122.330485,361.8,"phenocam","COCOC","variety","Corylus cornuta Marshall var. californica (A. DC.) Sharp","N","Deciduous broadleaf",2018-02-07,2019-03-05
"NEON.PLA.D16.ABBY.06186","ABBY_072.phenology.phe","D16","ABBY","ABBY_072",45.763636,-122.330485,361.8,"phenocam","GASH","species","Gaultheria shallon Pursh","N","Evergreen broadleaf",2018-02-12,2018-02-12
"NEON.PLA.D16.ABBY.06188","ABBY_071.phenology.phe","D16","ABBY","ABBY_071",45.761789,-122.327572,368.1,"primary","COCOC","variety","Corylus cornuta Marshall var. californica (A. DC.) Sharp","N","Deciduous broadleaf",2018-02-16,2018-03-20
"NEON.PLA.D16.ABBY.06184","ABBY_071.phenology.phe","D16","ABBY","ABBY_071",45.761789,-122.327572,368.1,"primary","GASH","species","Gaultheria shallon Pursh","N","Evergreen broadleaf",2018-02-16,2018-03-20
"NEON.PLA.D16.ABBY.06183","ABBY_071.phenology.phe","D16","ABBY","ABBY_071",45.761789,-122.327572,368.1,"primary","GASH","species","Gaultheria shallon Pursh","N","Evergreen broadleaf",2018-03-20,2020-02-26
"NEON.PLA.D16.ABBY.06182","ABBY_071.phenology.phe","D16","ABBY","ABBY_071",45.761789,-122.327572,368.1,"primary","COCOC","variety","Corylus cornuta Marshall var. californica (A. DC.) Sharp","N","Deciduous broadleaf",2018-03-20,2020-02-18
"NEON.PLA.D16.ABBY.06181","ABBY_071.phenology.phe","D16","ABBY","ABBY_071",45.761789,-122.327572,368.1,"primary","GASH","species","Gaultheria shallon Pursh","N","Evergreen broadleaf",2018-03-20,2020-02-26
"NEON.PLA.D16.ABBY.06056","ABBY_071.phenology.phe","D16","ABBY","ABBY_071",45.761789,-122.327572,368.1,"primary","COCOC","variety","Corylus cornuta Marshall var. californica (A. DC.) Sharp","N","Deciduous broadleaf",2018-09-11,2020-11-17
"NEON.PLA.D16.ABBY.06177","ABBY_071.phenology.phe","D16","ABBY","ABBY_071",45.761789,-122.327572,368.1,"primary","PSMEM","variety","Pseudotsuga menziesii (Mirb.) Franco var. menziesii","N","Evergreen conifer",2018-11-05,2020-02-26
"NEON.PLA.D16.ABBY.06179","ABBY_071.phenology.phe","D16","ABBY","ABBY_071",45.761789,-122.327572,368.1,"primary","PSMEM","variety","Pseudotsuga menziesii (Mirb.) Franco var. menziesii","N","Evergreen conifer",2018-11-05,2020-02-26
"NEON.PLA.D16.ABBY.06178","ABBY_071.phenology.phe","D16","ABBY","ABBY_071",45.761789,-122.327572,368.1,"primary","PSMEM","variety","Pseudotsuga menziesii (Mirb.) Franco var. menziesii","N","Evergreen conifer",2019-03-28,2021-09-10
"NEON.PLA.D16.ABBY.06167","ABBY_072.phenology.phe","D16","ABBY","ABBY_072",45.763636,-122.330485,361.8,"phenocam","PSMEM","variety","Pseudotsuga menziesii (Mirb.) Franco var. menziesii","N","Evergreen conifer",2019-10-11,2020-02-26
"NEON.PLA.D16.ABBY.06155","ABBY_071.phenology.phe","D16","ABBY","ABBY_071",45.761789,-122.327572,368.1,"primary","SARA2","species","Sambucus racemosa L.","N","Deciduous broadleaf",2021-01-20,2021-05-19
"NEON.PLA.D16.ABBY.06148","ABBY_071.phenology.phe","D16","ABBY","ABBY_071",45.761789,-122.327572,368.1,"primary","VAPA","species","Vaccinium parvifolium Sm.","N","Deciduous broadleaf",2021-01-20,2021-02-23
"NEON.PLA.D16.ABBY.06157","ABBY_071.phenology.phe","D16","ABBY","ABBY_071",45.761789,-122.327572,368.1,"primary","CHAN9","species","Chamerion angustifolium (L.) Holub","N","Forb",2021-01-20,2021-02-23
"NEON.PLA.D16.ABBY.06152","ABBY_071.phenology.phe","D16","ABBY","ABBY_071",45.761789,-122.327572,368.1,"primary","FRPU7","species","Frangula purshiana (DC.) A. Gray","N","Deciduous broadleaf",2021-01-20,2021-02-23
"NEON.PLA.D16.ABBY.06160","ABBY_071.phenology.phe","D16","ABBY","ABBY_071",45.761789,-122.327572,368.1,"primary","HODI","species","Holodiscus discolor (Pursh) Maxim.","N","Deciduous broadleaf",2021-01-20,2021-02-23
"NEON.PLA.D16.ABBY.06156","ABBY_071.phenology.phe","D16","ABBY","ABBY_071",45.761789,-122.327572,368.1,"primary","FRPU7","species","Frangula purshiana (DC.) A. Gray","N","Deciduous broadleaf",2021-01-20,2021-02-23
"NEON.PLA.D16.ABBY.06149","ABBY_071.phenology.phe","D16","ABBY","ABBY_071",45.761789,-122.327572,368.1,"primary","RUSP","species","Rubus spectabilis Pursh","N","Deciduous broadleaf",2021-01-20,2021-02-23
"NEON.PLA.D16.ABBY.06159","ABBY_071.phenology.phe","D16","ABBY","ABBY_071",45.761789,-122.327572,368.1,"primary","RUUR","species","Rubus ursinus Cham. & Schltdl.","N","Semi-evergreen broadleaf",2021-01-20,2023-02-07
"NEON.PLA.D16.ABBY.06162","ABBY_071.phenology.phe","D16","ABBY","ABBY_071",45.761789,-122.327572,368.1,"primary","RUUR","species","Rubus ursinus Cham. & Schltdl.","N","Semi-evergreen broadleaf",2021-01-20,2023-02-07
"NEON.PLA.D16.ABBY.06154","ABBY_071.phenology.phe","D16","ABBY","ABBY_071",45.761789,-122.327572,368.1,"primary","RULA","species","Rubus laciniatus Willd.","I","Semi-evergreen broadleaf",2021-01-20,2024-03-25
"NEON.PLA.D16.ABBY.06163","ABBY_071.phenology.phe","D16","ABBY","ABBY_071",45.761789,-122.327572,368.1,"primary","VAPA","species","Vaccinium parvifolium Sm.","N","Deciduous broadleaf",2021-01-29,2021-01-29
"NEON.PLA.D16.ABBY.06164","ABBY_071.phenology.phe","D16","ABBY","ABBY_071",45.761789,-122.327572,368.1,"primary","FRPU7","species","Frangula purshiana (DC.) A. Gray","N","Deciduous broadleaf",2021-01-29,2021-03-18
"NEON.PLA.D16.ABBY.06153","ABBY_071.phenology.phe","D16","ABBY","ABBY_071",45.761789,-122.327572,368.1,"primary","ACCI","species","Acer circinatum Pursh","N","Deciduous broadleaf",2021-02-22,2021-02-23
"NEON.PLA.D16.ABBY.06158","ABBY_071.phenology.phe","D16","ABBY","ABBY_071",45.761789,-122.327572,368.1,"primary","ALRU2","species","Alnus rubra Bong.","N","Deciduous broadleaf",2021-02-22,2021-02-23
"NEON.PLA.D16.ABBY.06121","ABBY_071.phenology.phe","D16","ABBY","ABBY_071",45.761789,-122.327572,368.1,"primary","VAPA","species","Vaccinium parvifolium Sm.","N","Deciduous broadleaf",2021-03-18,2021-06-30
"NEON.PLA.D16.ABBY.06135","ABBY_071.phenology.phe","D16","ABBY","ABBY_071",45.761789,-122.327572,368.1,"primary","ACCI","species","Acer circinatum Pursh","N","Deciduous broadleaf",2021-03-18,2021-03-18
"NEON.PLA.D16.ABBY.06161","ABBY_071.phenology.phe","D16","ABBY","ABBY_071",45.761789,-122.327572,368.1,"primary","HODI","species","Holodiscus discolor (Pursh) Maxim.","N","Deciduous broadleaf",2021-03-18,2021-03-18
"NEON.PLA.D16.ABBY.06146","ABBY_071.phenology.phe","D16","ABBY","ABBY_071",45.761789,-122.327572,368.1,"primary","RUSP","species","Rubus spectabilis Pursh","N","Deciduous broadleaf",2021-03-18,2021-04-12
"NEON.PLA.D16.ABBY.06128","ABBY_071.phenology.phe","D16","ABBY","ABBY_071",45.761789,-122.327572,368.1,"primary","RUSP","species","Rubus spectabilis Pursh","N","Deciduous broadleaf",2021-03-18,2021-04-12
"NEON.PLA.D16.ABBY.06144","ABBY_071.phenology.phe","D16","ABBY","ABBY_071",45.761789,-122.327572,368.1,"primary","RUSP","species","Rubus spectabilis Pursh","N","Deciduous broadleaf",2021-03-18,2021-04-12
"NEON.PLA.D16.ABBY.06145","ABBY_071.phenology.phe","D16","ABBY","ABBY_071",45.761789,-122.327572,368.1,"primary","SARA2","species","Sambucus racemosa L.","N","Deciduous broadleaf",2021-03-18,2021-05-19
"NEON.PLA.D16.ABBY.06141","ABBY_071.phenology.phe","D16","ABBY","ABBY_071",45.761789,-122.327572,368.1,"primary","SARA2","species","Sambucus racemosa L.","N","Deciduous broadleaf",2021-03-18,2021-05-19
"NEON.PLA.D16.ABBY.06142","ABBY_071.phenology.phe","D16","ABBY","ABBY_071",45.761789,-122.327572,368.1,"primary","SARA2","species","Sambucus racemosa L.","N","Deciduous broadleaf",2021-03-18,2021-05-19
"NEON.PLA.D16.ABBY.06166","ABBY_071.phenology.phe","D16","ABBY","ABBY_071",45.761789,-122.327572,368.1,"primary","ACCI","species","Acer circinatum Pursh","N","Deciduous broadleaf",2021-03-18,2021-03-18
"NEON.PLA.D16.ABBY.06133","ABBY_071.phenology.phe","D16","ABBY","ABBY_071",45.761789,-122.327572,368.1,"primary","VAPA","species","Vaccinium parvifolium Sm.","N","Deciduous broadleaf",2021-03-18,2021-03-18
"NEON.PLA.D16.ABBY.06132","ABBY_071.phenology.phe","D16","ABBY","ABBY_071",45.761789,-122.327572,368.1,"primary","ACCI","species","Acer circinatum Pursh","N","Deciduous broadleaf",2021-03-18,2021-03-18
"NEON.PLA.D16.ABBY.06125","ABBY_071.phenology.phe","D16","ABBY","ABBY_071",45.761789,-122.327572,368.1,"primary","RUUR","species","Rubus ursinus Cham. & Schltdl.","N","Semi-evergreen broadleaf",2021-03-18,2021-04-12
"NEON.PLA.D16.ABBY.06139","ABBY_071.phenology.phe","D16","ABBY","ABBY_071",45.761789,-122.327572,368.1,"primary","RUSP","species","Rubus spectabilis Pursh","N","Deciduous broadleaf",2021-03-18,2021-03-18
"NEON.PLA.D16.ABBY.06138","ABBY_071.phenology.phe","D16","ABBY","ABBY_071",45.761789,-122.327572,368.1,"primary","ALRU2","species","Alnus rubra Bong.","N","Deciduous broadleaf",2021-03-18,2021-03-18
"NEON.PLA.D16.ABBY.06140","ABBY_071.phenology.phe","D16","ABBY","ABBY_071",45.761789,-122.327572,368.1,"primary","HODI","species","Holodiscus discolor (Pursh) Maxim.","N","Deciduous broadleaf",2021-03-18,2021-03-18
"NEON.PLA.D16.ABBY.06131","ABBY_071.phenology.phe","D16","ABBY","ABBY_071",45.761789,-122.327572,368.1,"primary","HODI","species","Holodiscus discolor (Pursh) Maxim.","N","Deciduous broadleaf",2021-03-18,2021-03-18
"NEON.PLA.D16.ABBY.06120","ABBY_071.phenology.phe","D16","ABBY","ABBY_071",45.761789,-122.327572,368.1,"primary","HODI","species","Holodiscus discolor (Pursh) Maxim.","N","Deciduous broadleaf",2021-03-18,2021-03-18
"NEON.PLA.D16.ABBY.06127","ABBY_071.phenology.phe","D16","ABBY","ABBY_071",45.761789,-122.327572,368.1,"primary","RULA","species","Rubus laciniatus Willd.","I","Semi-evergreen broadleaf",2021-03-18,2021-03-18
"NEON.PLA.D16.ABBY.06137","ABBY_071.phenology.phe","D16","ABBY","ABBY_071",45.761789,-122.327572,368.1,"primary","FRPU7","species","Frangula purshiana (DC.) A. Gray","N","Deciduous broadleaf",2021-03-18,2021-03-18
"NEON.PLA.D16.ABBY.06136","ABBY_071.phenology.phe","D16","ABBY","ABBY_071",45.761789,-122.327572,368.1,"primary","VAPA","species","Vaccinium parvifolium Sm.","N","Deciduous broadleaf",2021-03-18,2021-03-18
"NEON.PLA.D16.ABBY.06143","ABBY_071.phenology.phe","D16","ABBY","ABBY_071",45.761789,-122.327572,368.1,"primary","ALRU2","species","Alnus rubra Bong.","N","Deciduous broadleaf",2021-03-18,2021-03-18
"NEON.PLA.D16.ABBY.06129","ABBY_071.phenology.phe","D16","ABBY","ABBY_071",45.761789,-122.327572,368.1,"primary","CHAN9","species","Chamerion angustifolium (L.) Holub","N","Forb",2021-03-18,2021-03-18
"NEON.PLA.D16.ABBY.06165","ABBY_071.phenology.phe","D16","ABBY","ABBY_071",45.761789,-122.327572,368.1,"primary","ALRU2","species","Alnus rubra Bong.","N","Deciduous broadleaf",2021-03-18,2021-03-18
"NEON.PLA.D16.ABBY.06134","ABBY_071.phenology.phe","D16","ABBY","ABBY_071",45.761789,-122.327572,368.1,"primary","ACCI","species","Acer circinatum Pursh","N","Deciduous broadleaf",2021-03-18,2021-07-20
"NEON.PLA.D16.ABBY.06151","ABBY_071.phenology.phe","D16","ABBY","ABBY_071",45.761789,-122.327572,368.1,"primary","RULA","species","Rubus laciniatus Willd.","I","Semi-evergreen broadleaf",2021-03-18,2021-09-30
"NEON.PLA.D16.ABBY.06150","ABBY_071.phenology.phe","D16","ABBY","ABBY_071",45.761789,-122.327572,368.1,"primary","ALRU2","species","Alnus rubra Bong.","N","Deciduous broadleaf",2021-03-18,2021-12-21
"NEON.PLA.D16.ABBY.06124","ABBY_071.phenology.phe","D16","ABBY","ABBY_071",45.761789,-122.327572,368.1,"primary","SARA2","species","Sambucus racemosa L.","N","Deciduous broadleaf",2021-03-18,2022-08-01
"NEON.PLA.D16.ABBY.06122","ABBY_071.phenology.phe","D16","ABBY","ABBY_071",45.761789,-122.327572,368.1,"primary","ACCI","species","Acer circinatum Pursh","N","Deciduous broadleaf",2021-03-18,2022-08-01
"NEON.PLA.D16.ABBY.06123","ABBY_071.phenology.phe","D16","ABBY","ABBY_071",45.761789,-122.327572,368.1,"primary","FRPU7","species","Frangula purshiana (DC.) A. Gray","N","Deciduous broadleaf",2021-03-18,2022-08-01
"NEON.PLA.D16.ABBY.06130","ABBY_071.phenology.phe","D16","ABBY","ABBY_071",45.761789,-122.327572,368.1,"primary","RUUR","species","Rubus ursinus Cham. & Schltdl.","N","Semi-evergreen broadleaf",2021-03-18,2023-02-07
"NEON.PLA.D16.ABBY.06169","ABBY_071.phenology.phe","D16","ABBY","ABBY_071",45.761789,-122.327572,368.1,"primary","RUUR","species","Rubus ursinus Cham. & Schltdl.","N","Semi-evergreen broadleaf",2021-03-18,2023-02-07
"NEON.PLA.D16.ABBY.06126","ABBY_071.phenology.phe","D16","ABBY","ABBY_071",45.761789,-122.327572,368.1,"primary","RULA","species","Rubus laciniatus Willd.","I","Semi-evergreen broadleaf",2021-03-18,2024-03-25
"NEON.PLA.D16.ABBY.06147","ABBY_071.phenology.phe","D16","ABBY","ABBY_071",45.761789,-122.327572,368.1,"primary","RULA","species","Rubus laciniatus Willd.","I","Semi-evergreen broadleaf",2021-03-18,2024-03-25
"NEON.PLA.D16.ABBY.06108","ABBY_071.phenology.phe","D16","ABBY","ABBY_071",45.761789,-122.327572,368.1,"primary","LOAB","species","Lotus aboriginus Jeps.","N","Forb",2021-06-01,2021-06-01
"NEON.PLA.D16.ABBY.06289","ABBY_071.phenology.phe","D16","ABBY","ABBY_071",45.761789,-122.327572,368.1,"primary","CHAN9","species","Chamerion angustifolium (L.) Holub","N","Forb",2021-06-01,2021-06-01
"NEON.PLA.D16.ABBY.06103","ABBY_071.phenology.phe","D16","ABBY","ABBY_071",45.761789,-122.327572,368.1,"primary","ANMA","species","Anaphalis margaritacea (L.) Benth.","N","Forb",2021-06-01,2021-06-01
"NEON.PLA.D16.ABBY.06111","ABBY_071.phenology.phe","D16","ABBY","ABBY_071",45.761789,-122.327572,368.1,"primary","CHAN9","species","Chamerion angustifolium (L.) Holub","N","Forb",2021-06-01,2021-06-01
"NEON.PLA.D16.ABBY.06299","ABBY_071.phenology.phe","D16","ABBY","ABBY_071",45.761789,-122.327572,368.1,"primary","ANMA","species","Anaphalis margaritacea (L.) Benth.","N","Forb",2021-06-01,2021-06-01
"NEON.PLA.D16.ABBY.06119","ABBY_071.phenology.phe","D16","ABBY","ABBY_071",45.761789,-122.327572,368.1,"primary","THMO6","species","Thermopsis montana Nutt.","N","Forb",2021-06-01,2021-06-01
"NEON.PLA.D16.ABBY.06118","ABBY_071.phenology.phe","D16","ABBY","ABBY_071",45.761789,-122.327572,368.1,"primary","LEVU","species","Leucanthemum vulgare Lam.","I","Semi-evergreen forb",2021-06-01,2021-06-01
"NEON.PLA.D16.ABBY.06116","ABBY_071.phenology.phe","D16","ABBY","ABBY_071",45.761789,-122.327572,368.1,"primary","LOAB","species","Lotus aboriginus Jeps.","N","Forb",2021-06-01,2021-06-01
"NEON.PLA.D16.ABBY.06282","ABBY_071.phenology.phe","D16","ABBY","ABBY_071",45.761789,-122.327572,368.1,"primary","CHAN9","species","Chamerion angustifolium (L.) Holub","N","Forb",2021-06-01,2021-06-01
"NEON.PLA.D16.ABBY.06300","ABBY_071.phenology.phe","D16","ABBY","ABBY_071",45.761789,-122.327572,368.1,"primary","THMO6","species","Thermopsis montana Nutt.","N","Forb",2021-06-01,2021-06-01
"NEON.PLA.D16.ABBY.06295","ABBY_071.phenology.phe","D16","ABBY","ABBY_071",45.761789,-122.327572,368.1,"primary","HISC2","species","Hieracium scouleri Hook.","N","Forb",2021-06-01,2021-06-01
"NEON.PLA.D16.ABBY.06110","ABBY_071.phenology.phe","D16","ABBY","ABBY_071",45.761789,-122.327572,368.1,"primary","LOAB","species","Lotus aboriginus Jeps.","N","Forb",2021-06-01,2021-06-01
"NEON.PLA.D16.ABBY.06285","ABBY_071.phenology.phe","D16","ABBY","ABBY_071",45.761789,-122.327572,368.1,"primary","THMO6","species","Thermopsis montana Nutt.","N","Forb",2021-06-01,2021-06-01
"NEON.PLA.D16.ABBY.06284","ABBY_071.phenology.phe","D16","ABBY","ABBY_071",45.761789,-122.327572,368.1,"primary","LOAB","species","Lotus aboriginus Jeps.","N","Forb",2021-06-01,2021-06-01
"NEON.PLA.D16.ABBY.06293","ABBY_071.phenology.phe","D16","ABBY","ABBY_071",45.761789,-122.327572,368.1,"primary","CHAN9","species","Chamerion angustifolium (L.) Holub","N","Forb",2021-06-01,2021-06-01
"NEON.PLA.D16.ABBY.06290","ABBY_071.phenology.phe","D16","ABBY","ABBY_071",45.761789,-122.327572,368.1,"primary","HISC2","species","Hieracium scouleri Hook.","N","Forb",2021-06-01,2021-06-01
"NEON.PLA.D16.ABBY.06117","ABBY_071.phenology.phe","D16","ABBY","ABBY_071",45.761789,-122.327572,368.1,"primary","HISC2","species","Hieracium scouleri Hook.","N","Forb",2021-06-01,2021-06-01
"NEON.PLA.D16.ABBY.06297","ABBY_071.phenology.phe","D16","ABBY","ABBY_071",45.761789,-122.327572,368.1,"primary","CHAN9","species","Chamerion angustifolium (L.) Holub","N","Forb",2021-06-01,2021-06-01
"NEON.PLA.D16.ABBY.06102","ABBY_071.phenology.phe","D16","ABBY","ABBY_071",45.761789,-122.327572,368.1,"primary","HISC2","species","Hieracium scouleri Hook.","N","Forb",2021-06-01,2021-06-01
"NEON.PLA.D16.ABBY.06114","ABBY_071.phenology.phe","D16","ABBY","ABBY_071",45.761789,-122.327572,368.1,"primary","LOAB","species","Lotus aboriginus Jeps.","N","Forb",2021-06-01,2021-06-01
"NEON.PLA.D16.ABBY.06283","ABBY_071.phenology.phe","D16","ABBY","ABBY_071",45.761789,-122.327572,368.1,"primary","THMO6","species","Thermopsis montana Nutt.","N","Forb",2021-06-01,2021-09-30
"NEON.PLA.D16.ABBY.06109","ABBY_071.phenology.phe","D16","ABBY","ABBY_071",45.761789,-122.327572,368.1,"primary","HISC2","species","Hieracium scouleri Hook.","N","Forb",2021-06-01,2021-09-30
"NEON.PLA.D16.ABBY.06104","ABBY_071.phenology.phe","D16","ABBY","ABBY_071",45.761789,-122.327572,368.1,"primary","THMO6","species","Thermopsis montana Nutt.","N","Forb",2021-06-01,2021-09-30
"NEON.PLA.D16.ABBY.06115","ABBY_071.phenology.phe","D16","ABBY","ABBY_071",45.761789,-122.327572,368.1,"primary","ANMA","species","Anaphalis margaritacea (L.) Benth.","N","Forb",2021-06-01,2021-10-27
"NEON.PLA.D16.ABBY.06286","ABBY_071.phenology.phe","D16","ABBY","ABBY_071",45.761789,-122.327572,368.1,"primary","VEOF2","species","Veronica officinalis L.","I","Semi-evergreen forb",2021-06-01,2023-03-13
"NEON.PLA.D16.ABBY.06294","ABBY_071.phenology.phe","D16","ABBY","ABBY_071",45.761789,-122.327572,368.1,"primary","VEOF2","species","Veronica officinalis L.","I","Semi-evergreen forb",2021-06-01,2023-03-13
"NEON.PLA.D16.ABBY.06287","ABBY_071.phenology.phe","D16","ABBY","ABBY_071",45.761789,-122.327572,368.1,"primary","LEVU","species","Leucanthemum vulgare Lam.","I","Semi-evergreen forb",2021-06-01,2023-03-13
"NEON.PLA.D16.ABBY.06298","ABBY_071.phenology.phe","D16","ABBY","ABBY_071",45.761789,-122.327572,368.1,"primary","LEVU","species","Leucanthemum vulgare Lam.","I","Semi-evergreen forb",2021-06-01,2023-03-13
"NEON.PLA.D16.ABBY.06112","ABBY_071.phenology.phe","D16","ABBY","ABBY_071",45.761789,-122.327572,368.1,"primary","VEOF2","species","Veronica officinalis L.","I","Semi-evergreen forb",2021-06-01,2023-03-13
"NEON.PLA.D16.ABBY.06105","ABBY_071.phenology.phe","D16","ABBY","ABBY_071",45.761789,-122.327572,368.1,"primary","VEOF2","species","Veronica officinalis L.","I","Semi-evergreen forb",2021-06-01,2023-03-13
"NEON.PLA.D16.ABBY.06106","ABBY_071.phenology.phe","D16","ABBY","ABBY_071",45.761789,-122.327572,368.1,"primary","LEVU","species","Leucanthemum vulgare Lam.","I","Semi-evergreen forb",2021-06-01,2023-03-13
"NEON.PLA.D16.ABBY.06281","ABBY_071.phenology.phe","D16","ABBY","ABBY_071",45.761789,-122.327572,368.1,"primary","ANMA","species","Anaphalis margaritacea (L.) Benth.","N","Forb",2021-06-03,2021-06-03
"NEON.PLA.D16.ABBY.06101","ABBY_071.phenology.phe","D16","ABBY","ABBY_071",45.761789,-122.327572,368.1,"primary","ANMA","species","Anaphalis margaritacea (L.) Benth.","N","Forb",2021-06-03,2021-06-03
"NEON.PLA.D16.ABBY.06280","ABBY_071.phenology.phe","D16","ABBY","ABBY_071",45.761789,-122.327572,368.1,"primary","LEVU","species","Leucanthemum vulgare Lam.","I","Semi-evergreen forb",2021-06-03,2021-07-20
"NEON.PLA.D16.ABBY.06291","ABBY_071.phenology.phe","D16","ABBY","ABBY_071",45.761789,-122.327572,368.1,"primary","VEOF2","species","Veronica officinalis L.","I","Semi-evergreen forb",2021-06-03,2023-03-13
"NEON.PLA.D16.ABBY.06279","ABBY_071.phenology.phe","D16","ABBY","ABBY_071",45.761789,-122.327572,368.1,"primary","RULA","species","Rubus laciniatus Willd.","I","Semi-evergreen broadleaf",2021-06-03,2024-03-25
"NEON.PLA.D16.ABBY.06113","ABBY_071.phenology.phe","D16","ABBY","ABBY_071",45.761789,-122.327572,368.1,"primary","MYMU","species","Mycelis muralis (L.) Dumort.","I","Semi-evergreen forb",2021-06-21,2021-07-14
"NEON.PLA.D16.ABBY.06278","ABBY_071.phenology.phe","D16","ABBY","ABBY_071",45.761789,-122.327572,368.1,"primary","RUUR","species","Rubus ursinus Cham. & Schltdl.","N","Semi-evergreen broadleaf",2021-06-21,2023-02-07
"NEON.PLA.D16.ABBY.06288","ABBY_071.phenology.phe","D16","ABBY","ABBY_071",45.761789,-122.327572,368.1,"primary","MYMU","species","Mycelis muralis (L.) Dumort.","I","Semi-evergreen forb",2021-06-21,2023-03-13
"NEON.PLA.D16.ABBY.06107","ABBY_071.phenology.phe","D16","ABBY","ABBY_071",45.761789,-122.327572,368.1,"primary","MYMU","species","Mycelis muralis (L.) Dumort.","I","Semi-evergreen forb",2021-06-21,2023-03-13
"NEON.PLA.D16.ABBY.06296","ABBY_071.phenology.phe","D16","ABBY","ABBY_071",45.761789,-122.327572,368.1,"primary","MYMU","species","Mycelis muralis (L.) Dumort.","I","Semi-evergreen forb",2021-06-21,2023-03-13
"NEON.PLA.D16.ABBY.06292","ABBY_071.phenology.phe","D16","ABBY","ABBY_071",45.761789,-122.327572,368.1,"primary","MYMU","species","Mycelis muralis (L.) Dumort.","I","Semi-evergreen forb",2021-06-30,2023-03-13
"NEON.PLA.D16.ABBY.06277","ABBY_071.phenology.phe","D16","ABBY","ABBY_071",45.761789,-122.327572,368.1,"primary","VAPA","species","Vaccinium parvifolium Sm.","N","Deciduous broadleaf",2021-07-14,2021-07-14
"NEON.PLA.D16.ABBY.06276","ABBY_071.phenology.phe","D16","ABBY","ABBY_071",45.761789,-122.327572,368.1,"primary","LEVU","species","Leucanthemum vulgare Lam.","I","Semi-evergreen forb",2021-07-20,2023-03-13
"NEON.PLA.D16.ABBY.06499","ABBY_071.phenology.phe","D16","ABBY","ABBY_071",45.761789,-122.327572,368.1,"primary","THMO6","species","Thermopsis montana Nutt.","N","Forb",2022-06-09,2022-06-09
"NEON.PLA.D16.ABBY.06498","ABBY_071.phenology.phe","D16","ABBY","ABBY_071",45.761789,-122.327572,368.1,"primary","ANMA","species","Anaphalis margaritacea (L.) Benth.","N","Forb",2022-06-09,2022-06-09
"NEON.PLA.D16.ABBY.06170","ABBY_071.phenology.phe","D16","ABBY","ABBY_071",45.761789,-122.327572,368.1,"primary","ANMA","species","Anaphalis margaritacea (L.) Benth.","N","Forb",2022-06-09,2022-06-09
"NEON.PLA.D16.ABBY.06500","ABBY_071.phenology.phe","D16","ABBY","ABBY_071",45.761789,-122.327572,368.1,"primary","LOAB","species","Lotus aboriginus Jeps.","N","Forb",2022-06-09,2022-06-09
"NEON.PLA.D16.ABBY.06497","ABBY_071.phenology.phe","D16","ABBY","ABBY_071",45.761789,-122.327572,368.1,"primary","ALRU2","species","Alnus rubra Bong.","N","Deciduous broadleaf",2022-06-13,2022-06-20
"NEON.PLA.D16.ABBY.06487","ABBY_071.phenology.phe","D16","ABBY","ABBY_071",45.761789,-122.327572,368.1,"primary","THMO6","species","Thermopsis montana Nutt.","N","Forb",2022-07-11,2022-08-08
"NEON.PLA.D16.ABBY.06483","ABBY_071.phenology.phe","D16","ABBY","ABBY_071",45.761789,-122.327572,368.1,"primary","MYMU","species","Mycelis muralis (L.) Dumort.","I","Semi-evergreen forb",2022-08-16,2023-03-13
"NEON.PLA.D16.ABBY.06171","ABBY_071.phenology.phe","D16","ABBY","ABBY_071",45.761789,-122.327572,368.1,"primary","LEVU","species","Leucanthemum vulgare Lam.","I","Semi-evergreen forb",2023-04-25,2023-04-25
"NEON.PLA.D16.ABBY.06600","ABBY_071.phenology.phe","D16","ABBY","ABBY_071",45.761789,-122.327572,368.1,"primary","ANMA","species","Anaphalis margaritacea (L.) Benth.","N","Forb",2023-05-08,2023-05-08
"NEON.PLA.D16.ABBY.06482","ABBY_071.phenology.phe","D16","ABBY","ABBY_071",45.761789,-122.327572,368.1,"primary","LEVU","species","Leucanthemum vulgare Lam.","I","Semi-evergreen forb",2023-05-30,2023-05-30
"NEON.PLA.D16.ABBY.06642","ABBY_071.phenology.phe","D16","ABBY","ABBY_071",45.761789,-122.327572,368.1,"primary","RUSP","species","Rubus spectabilis Pursh","N","Deciduous broadleaf",2023-06-05,2023-06-05
"NEON.PLA.D16.ABBY.06667","ABBY_071.phenology.phe","D16","ABBY","ABBY_071",45.761789,-122.327572,368.1,"primary","HISC2","species","Hieracium scouleri Hook.","N","Forb",2023-06-05,2023-06-05
"NEON.PLA.D16.ABBY.06668","ABBY_071.phenology.phe","D16","ABBY","ABBY_071",45.761789,-122.327572,368.1,"primary","CHAN9","species","Chamerion angustifolium (L.) Holub","N","Forb",2023-06-05,2023-06-05
"NEON.PLA.D16.ABBY.06644","ABBY_071.phenology.phe","D16","ABBY","ABBY_071",45.761789,-122.327572,368.1,"primary","CHAN9","species","Chamerion angustifolium (L.) Holub","N","Forb",2023-06-05,2023-06-05
"NEON.PLA.D16.ABBY.06645","ABBY_071.phenology.phe","D16","ABBY","ABBY_071",45.761789,-122.327572,368.1,"primary","MYMU","species","Mycelis muralis (L.) Dumort.","I","Semi-evergreen forb",2023-06-05,2023-09-07
"NEON.PLA.D16.ABBY.06481","ABBY_071.phenology.phe","D16","ABBY","ABBY_071",45.761789,-122.327572,368.1,"primary","RUSP","species","Rubus spectabilis Pursh","N","Deciduous broadleaf",2023-09-25,2023-09-25
"NEON.PLA.D16.ABBY.06477","ABBY_071.phenology.phe","D16","ABBY","ABBY_071",45.761789,-122.327572,368.1,"primary","RULA","species","Rubus laciniatus Willd.","I","Semi-evergreen broadleaf",2023-10-12,2024-03-25
"NEON.PLA.D16.ABBY.06478","ABBY_071.phenology.phe","D16","ABBY","ABBY_071",45.761789,-122.327572,368.1,"primary","LEVU","species","Leucanthemum vulgare Lam.","I","Semi-evergreen forb",2023-10-23,2023-10-23
"NEON.PLA.D16.ABBY.06480","ABBY_071.phenology.phe","D16","ABBY","ABBY_071",45.761789,-122.327572,368.1,"primary","VEOF2","species","Veronica officinalis L.","I","Semi-evergreen forb",2023-10-23,2023-10-23
"NEON.PLA.D16.ABBY.06491","ABBY_071.phenology.phe","D16","ABBY","ABBY_071",45.761789,-122.327572,368.1,"primary","VEOF2","species","Veronica officinalis L.","I","Semi-evergreen forb",2024-03-11,2024-04-08
"NEON.PLA.D16.ABBY.06168","ABBY_071.phenology.phe","D16","ABBY","ABBY_071",45.761789,-122.327572,368.1,"primary","VEOF2","species","Veronica officinalis L.","I","Semi-evergreen forb",2024-03-25,2024-03-25
"NEON.PLA.D16.ABBY.06175","ABBY_071.phenology.phe","D16","ABBY","ABBY_071",45.761789,-122.327572,368.1,"primary","LEVU","species","Leucanthemum vulgare Lam.","I","Semi-evergreen forb",2024-04-01,2024-04-01
"NEON.PLA.D16.ABBY.06485","ABBY_071.phenology.phe","D16","ABBY","ABBY_071",45.761789,-122.327572,368.1,"primary","HISC2","species","Hieracium scouleri Hook.","N","Forb",2024-04-15,2024-04-15
"NEON.PLA.D16.ABBY.06268","ABBY_071.phenology.phe","D16","ABBY","ABBY_071",45.761789,-122.327572,368.1,"primary","GATR3","species","Galium triflorum Michx.","N","Forb",2024-07-15,2024-07-15
"NEON.PLA.D16.ABBY.06272","ABBY_071.phenology.phe","D16","ABBY","ABBY_071",45.761789,-122.327572,368.1,"primary","GATR3","species","Galium triflorum Michx.","N","Forb",2024-07-15,2024-07-15
"NEON.PLA.D16.ABBY.06269","ABBY_071.phenology.phe","D16","ABBY","ABBY_071",45.761789,-122.327572,368.1,"primary","GATR3","species","Galium triflorum Michx.","N","Forb",2024-07-15,2024-07-15
"NEON.PLA.D16.ABBY.06270","ABBY_071.phenology.phe","D16","ABBY","ABBY_071",45.761789,-122.327572,368.1,"primary","GATR3","species","Galium triflorum Michx.","N","Forb",2024-07-15,2024-07-15
"NEON.PLA.D16.ABBY.06271","ABBY_071.phenology.phe","D16","ABBY","ABBY_071",45.761789,-122.327572,368.1,"primary","GATR3","species","Galium triflorum Michx.","N","Forb",2024-07-15,2024-07-15
